[
{
  "model": "auth.user",
  "pk": 1,
  "fields": {
    "password": "pbkdf2_sha256$1200000$UhXtfyFiabpev2Lheafbt9$ZM/eaMz1ZHcN7majRpLHtCo6nPK+sUGzQXJxijkSH0E=",
    "last_login": "2026-04-01T10:29:32.769Z",
    "is_superuser": true,
    "username": "admin1",
    "first_name": "",
    "last_name": "",
    "email": "naifamohannad@gmail.com",
    "is_staff": true,
    "is_active": true,
    "date_joined": "2026-03-30T08:47:06.863Z",
    "groups": [],
    "user_permissions": []
  }
},
{
  "model": "auth.user",
  "pk": 2,
  "fields": {
    "password": "pbkdf2_sha256$1200000$RlwqB0QCCv5Pbc2z0CctSd$RGXAOlswjVIJByA34UKbxVbKzrOV/BhOOOfpyEHZQHQ=",
    "last_login": "2026-03-31T13:37:03.442Z",
    "is_superuser": false,
    "username": "Naifa",
    "first_name": "Naifa",
    "last_name": "Sadath.k",
    "email": "naifasadath.2000@gmail.com",
    "is_staff": false,
    "is_active": true,
    "date_joined": "2026-03-31T13:37:01.934Z",
    "groups": [],
    "user_permissions": []
  }
},
{
  "model": "store.category",
  "pk": 7,
  "fields": {
    "name": "Necklaces",
    "gender": "female",
    "description": "Discover our exquisite collection of necklaces, crafted for the modern woman"
  }
},
{
  "model": "store.category",
  "pk": 8,
  "fields": {
    "name": "Rings",
    "gender": "unisex",
    "description": ""
  }
},
{
  "model": "store.category",
  "pk": 9,
  "fields": {
    "name": "Earrings",
    "gender": "female",
    "description": ""
  }
},
{
  "model": "store.category",
  "pk": 10,
  "fields": {
    "name": "Bangles",
    "gender": "female",
    "description": ""
  }
},
{
  "model": "store.category",
  "pk": 11,
  "fields": {
    "name": "Bracelets",
    "gender": "unisex",
    "description": ""
  }
},
{
  "model": "store.category",
  "pk": 12,
  "fields": {
    "name": "Bridal Sets",
    "gender": "female",
    "description": ""
  }
},
{
  "model": "store.category",
  "pk": 13,
  "fields": {
    "name": "Men's Rings",
    "gender": "male",
    "description": ""
  }
},
{
  "model": "store.category",
  "pk": 14,
  "fields": {
    "name": "Men's Bracelets",
    "gender": "male",
    "description": ""
  }
},
{
  "model": "store.brand",
  "pk": 7,
  "fields": {
    "name": "Diamonique",
    "tagline": "Timeless Diamond Elegance",
    "logo_url": ""
  }
},
{
  "model": "store.brand",
  "pk": 8,
  "fields": {
    "name": "Roseva",
    "tagline": "Blush in Rose Gold",
    "logo_url": ""
  }
},
{
  "model": "store.brand",
  "pk": 9,
  "fields": {
    "name": "Goldara",
    "tagline": "Pure Gold Craftsmanship",
    "logo_url": ""
  }
},
{
  "model": "store.brand",
  "pk": 10,
  "fields": {
    "name": "Velvetine",
    "tagline": "Royal Bridal Collections",
    "logo_url": ""
  }
},
{
  "model": "store.brand",
  "pk": 11,
  "fields": {
    "name": "Luminos",
    "tagline": "Vibrant Gemstone Jewellery",
    "logo_url": ""
  }
},
{
  "model": "store.brand",
  "pk": 12,
  "fields": {
    "name": "Silvique",
    "tagline": "Modern Silver Minimalism",
    "logo_url": ""
  }
},
{
  "model": "store.product",
  "pk": 31,
  "fields": {
    "title": "Diamond Solitaire Necklace",
    "description": "A stunning solitaire diamond pendant on a delicate gold chain. Perfect for any occasion.",
    "price": "800.00",
    "original_price": "1600.00",
    "discount_percentage": 50,
    "image_url": "https://images.pexels.com/photos/18157530/pexels-photo-18157530.jpeg?_gl=1*1h9qha9*_ga*ODg2MDEwNDcyLjE3NzUwNTExMDE.*_ga_8JE65Q40S6*czE3NzUxNDExNDgkbzMkZzEkdDE3NzUxNDI4NTAkajU5JGwwJGgw",
    "category": 7,
    "brand": 7,
    "stock": 4,
    "is_featured": false,
    "created_at": "2026-03-30T10:21:19.243Z"
  }
},
{
  "model": "store.product",
  "pk": 32,
  "fields": {
    "title": "Gold Layered Chain Necklace Set",
    "description": "Elegant multi-layered gold chain necklace set with earrings that adds sophistication to any outfit.",
    "price": "250.00",
    "original_price": "500.00",
    "discount_percentage": 50,
    "image_url": "https://images.pexels.com/photos/33222147/pexels-photo-33222147.jpeg?_gl=1*19l9vbq*_ga*ODg2MDEwNDcyLjE3NzUwNTExMDE.*_ga_8JE65Q40S6*czE3NzUxNDExNDgkbzMkZzEkdDE3NzUxNDI1NzgkajU5JGwwJGgw",
    "category": 7,
    "brand": 9,
    "stock": 20,
    "is_featured": true,
    "created_at": "2026-03-30T10:21:19.247Z"
  }
},
{
  "model": "store.product",
  "pk": 33,
  "fields": {
    "title": "Rose Gold Heart Pendant",
    "description": "A romantic rose gold heart pendant with a sparkling rose diamond accent.",
    "price": "159.99",
    "original_price": null,
    "discount_percentage": null,
    "image_url": "https://images.pexels.com/photos/29193429/pexels-photo-29193429.jpeg?_gl=1*15t0zjg*_ga*ODg2MDEwNDcyLjE3NzUwNTExMDE.*_ga_8JE65Q40S6*czE3NzUxNDExNDgkbzMkZzEkdDE3NzUxNDIyNTQkajQzJGwwJGgw",
    "category": 7,
    "brand": 8,
    "stock": 18,
    "is_featured": false,
    "created_at": "2026-03-30T10:21:19.251Z"
  }
},
{
  "model": "store.product",
  "pk": 34,
  "fields": {
    "title": "Emerald Drop Necklace",
    "description": "Luxurious emerald drop necklace set in 18k gold. A statement piece for special occasions.",
    "price": "459.99",
    "original_price": null,
    "discount_percentage": null,
    "image_url": "https://images.unsplash.com/photo-1515562141207-7a88fb7ce338?w=600",
    "category": 7,
    "brand": 11,
    "stock": 8,
    "is_featured": true,
    "created_at": "2026-03-30T10:21:19.257Z"
  }
},
{
  "model": "store.product",
  "pk": 35,
  "fields": {
    "title": "Silver Minimalist Bar Necklace",
    "description": "Clean and modern silver bar necklace. Perfect for everyday minimalist style.",
    "price": "89.99",
    "original_price": null,
    "discount_percentage": null,
    "image_url": "https://www.rosegoldandblack.com/cdn/shop/products/MinimalBar3_1024x1024.jpg?v=1714066454",
    "category": 7,
    "brand": 12,
    "stock": 25,
    "is_featured": false,
    "created_at": "2026-03-30T10:21:19.262Z"
  }
},
{
  "model": "store.product",
  "pk": 36,
  "fields": {
    "title": "Diamond Engagement Ring",
    "description": "Classic round brilliant diamond engagement ring in 18k white gold. Timeless and elegant.",
    "price": "500.00",
    "original_price": "1000.00",
    "discount_percentage": 50,
    "image_url": "https://images.unsplash.com/photo-1605100804763-247f67b3557e?w=600",
    "category": 8,
    "brand": 7,
    "stock": 10,
    "is_featured": true,
    "created_at": "2026-03-30T10:21:19.266Z"
  }
},
{
  "model": "store.product",
  "pk": 37,
  "fields": {
    "title": "Rose Gold Stackable Ring",
    "description": "Delicate rose gold stackable ring with tiny diamond accents. Mix and match beautifully.",
    "price": "150.00",
    "original_price": "300.00",
    "discount_percentage": 50,
    "image_url": "https://images.unsplash.com/photo-1603561591411-07134e71a2a9?w=600",
    "category": 8,
    "brand": 8,
    "stock": 30,
    "is_featured": false,
    "created_at": "2026-03-30T10:21:19.271Z"
  }
},
{
  "model": "store.product",
  "pk": 38,
  "fields": {
    "title": "Gold Signet Ring",
    "description": "Bold and sophisticated gold signet ring. A timeless classic reimagined for modern women.",
    "price": "199.99",
    "original_price": null,
    "discount_percentage": null,
    "image_url": "https://images.pexels.com/photos/19869446/pexels-photo-19869446.jpeg?_gl=1*bksiyb*_ga*ODg2MDEwNDcyLjE3NzUwNTExMDE.*_ga_8JE65Q40S6*czE3NzUxNDExNDgkbzMkZzEkdDE3NzUxNDE3NzIkajU5JGwwJGgw",
    "category": 8,
    "brand": 9,
    "stock": 12,
    "is_featured": false,
    "created_at": "2026-03-30T10:21:19.276Z"
  }
},
{
  "model": "store.product",
  "pk": 39,
  "fields": {
    "title": "Ruby Cocktail Ring",
    "description": "Stunning ruby cocktail ring surrounded by brilliant diamonds in a gold setting.",
    "price": "549.99",
    "original_price": null,
    "discount_percentage": null,
    "image_url": "https://images.pexels.com/photos/29193425/pexels-photo-29193425.jpeg?_gl=1*15jjq2a*_ga*ODg2MDEwNDcyLjE3NzUwNTExMDE.*_ga_8JE65Q40S6*czE3NzUxNDExNDgkbzMkZzEkdDE3NzUxNDEzODgkajU5JGwwJGgw",
    "category": 8,
    "brand": 11,
    "stock": 0,
    "is_featured": true,
    "created_at": "2026-03-30T10:21:19.281Z"
  }
},
{
  "model": "store.product",
  "pk": 40,
  "fields": {
    "title": "Silver Twist Band Ring",
    "description": "Modern twisted silver band ring. Simple yet striking minimalist design.",
    "price": "79.99",
    "original_price": null,
    "discount_percentage": null,
    "image_url": "https://images.pexels.com/photos/16274872/pexels-photo-16274872.jpeg?_gl=1*1y7jkzl*_ga*ODg2MDEwNDcyLjE3NzUwNTExMDE.*_ga_8JE65Q40S6*czE3NzUxNDExNDgkbzMkZzEkdDE3NzUxNDEyNDMkajI5JGwwJGgw",
    "category": 8,
    "brand": 12,
    "stock": 22,
    "is_featured": false,
    "created_at": "2026-03-30T10:21:19.285Z"
  }
},
{
  "model": "store.product",
  "pk": 41,
  "fields": {
    "title": "Diamond Saphire Earrings",
    "description": "Classic diamond saphire earrings in  mixed with white and blue . A must-have for every jewellery collection.",
    "price": "400.00",
    "original_price": "800.00",
    "discount_percentage": 50,
    "image_url": "https://images.unsplash.com/photo-1535632066927-ab7c9ab60908?w=600",
    "category": 9,
    "brand": 7,
    "stock": 20,
    "is_featured": true,
    "created_at": "2026-03-30T10:21:19.290Z"
  }
},
{
  "model": "store.product",
  "pk": 42,
  "fields": {
    "title": "Gold Hoop Earrings",
    "description": "Elegant medium-sized  gold hoop earrings. Versatile enough for day or evening wear.",
    "price": "119.99",
    "original_price": null,
    "discount_percentage": null,
    "image_url": "https://images.unsplash.com/photo-1630019852942-f89202989a59?w=600",
    "category": 9,
    "brand": 9,
    "stock": 18,
    "is_featured": false,
    "created_at": "2026-03-30T10:21:19.295Z"
  }
},
{
  "model": "store.product",
  "pk": 43,
  "fields": {
    "title": "Gold Chandelier Earrings",
    "description": "Dramatic gold chandelier earrings with intricate filigree design. Perfect for weddings.",
    "price": "229.99",
    "original_price": null,
    "discount_percentage": null,
    "image_url": "https://images.unsplash.com/photo-1617038260897-41a1f14a8ca0?w=600",
    "category": 9,
    "brand": 9,
    "stock": 14,
    "is_featured": true,
    "created_at": "2026-03-30T10:21:19.299Z"
  }
},
{
  "model": "store.product",
  "pk": 44,
  "fields": {
    "title": "Sapphire Drop Earrings",
    "description": "Stunning deep blue sapphire drop earrings set in 18k gold. A showstopping statement.",
    "price": "200.00",
    "original_price": "400.00",
    "discount_percentage": 50,
    "image_url": "https://images.unsplash.com/photo-1629224316810-9d8805b95e76?q=80&w=870&auto=format&fit=crop&ixlib=rb-4.1.0&ixid=M3wxMjA3fDB8MHxwaG90by1wYWdlfHx8fGVufDB8fHx8fA%3D%3D",
    "category": 9,
    "brand": 11,
    "stock": 9,
    "is_featured": false,
    "created_at": "2026-03-30T10:21:19.304Z"
  }
},
{
  "model": "store.product",
  "pk": 45,
  "fields": {
    "title": "Silver Square Earrings",
    "description": "Modern  silver square earrings with hangings. Perfect for the contemporary woman.",
    "price": "69.99",
    "original_price": null,
    "discount_percentage": null,
    "image_url": "https://images.pexels.com/photos/30138138/pexels-photo-30138138.jpeg?_gl=1*1h2prq9*_ga*ODg2MDEwNDcyLjE3NzUwNTExMDE.*_ga_8JE65Q40S6*czE3NzUwNjAwNDYkbzIkZzEkdDE3NzUwNjI2MjEkajIkbDAkaDA.",
    "category": 9,
    "brand": 12,
    "stock": 25,
    "is_featured": false,
    "created_at": "2026-03-30T10:21:19.309Z"
  }
},
{
  "model": "store.product",
  "pk": 46,
  "fields": {
    "title": "Diamond Bangle",
    "description": "Luxurious diamond  bangle in 18k white gold. The ultimate luxury accessory.",
    "price": "1299.99",
    "original_price": null,
    "discount_percentage": null,
    "image_url": "https://images.unsplash.com/photo-1611591437281-460bfbe1220a?w=600",
    "category": 10,
    "brand": 7,
    "stock": 5,
    "is_featured": true,
    "created_at": "2026-03-30T10:21:19.314Z"
  }
},
{
  "model": "store.product",
  "pk": 47,
  "fields": {
    "title": "Rose Gold Bangle Set",
    "description": "Set of 2 delicate rose gold bangles. Stack them together for a stunning layered look.",
    "price": "179.99",
    "original_price": null,
    "discount_percentage": null,
    "image_url": "https://images.pexels.com/photos/20429577/pexels-photo-20429577.jpeg?_gl=1*17tekj7*_ga*ODg2MDEwNDcyLjE3NzUwNTExMDE.*_ga_8JE65Q40S6*czE3NzUwNjAwNDYkbzIkZzEkdDE3NzUwNjIxNDckajMwJGwwJGgw",
    "category": 10,
    "brand": 8,
    "stock": 16,
    "is_featured": false,
    "created_at": "2026-03-30T10:21:19.319Z"
  }
},
{
  "model": "store.product",
  "pk": 48,
  "fields": {
    "title": "Gold Kada Bangle",
    "description": "Traditional gold kada bangle with modern engraved pattern. Timeless Indian elegance.",
    "price": "389.99",
    "original_price": null,
    "discount_percentage": null,
    "image_url": "https://images.pexels.com/photos/20493840/pexels-photo-20493840.jpeg?_gl=1*124q14b*_ga*ODg2MDEwNDcyLjE3NzUwNTExMDE.*_ga_8JE65Q40S6*czE3NzUwNjAwNDYkbzIkZzEkdDE3NzUwNjE4ODUkajI3JGwwJGgw",
    "category": 10,
    "brand": 9,
    "stock": 11,
    "is_featured": true,
    "created_at": "2026-03-30T10:21:19.325Z"
  }
},
{
  "model": "store.product",
  "pk": 49,
  "fields": {
    "title": "Emerald diamond Bangle",
    "description": "Stunning bangle with emerald gemstone accents set in diamond. Regal and beautiful.",
    "price": "599.99",
    "original_price": null,
    "discount_percentage": null,
    "image_url": "https://images.pexels.com/photos/32988534/pexels-photo-32988534.jpeg?_gl=1*un24gp*_ga*ODg2MDEwNDcyLjE3NzUwNTExMDE.*_ga_8JE65Q40S6*czE3NzUwNjAwNDYkbzIkZzEkdDE3NzUwNjE2NTIkajgkbDAkaDA.",
    "category": 10,
    "brand": 11,
    "stock": 6,
    "is_featured": false,
    "created_at": "2026-03-30T10:21:19.329Z"
  }
},
{
  "model": "store.product",
  "pk": 50,
  "fields": {
    "title": "Silver Cuff Bangle",
    "description": "Bold open-ended silver cuff bangle. Minimalist design with maximum impact.",
    "price": "99.99",
    "original_price": null,
    "discount_percentage": null,
    "image_url": "https://images.pexels.com/photos/266621/pexels-photo-266621.jpeg?_gl=1*13e7rmb*_ga*ODg2MDEwNDcyLjE3NzUwNTExMDE.*_ga_8JE65Q40S6*czE3NzUwNjAwNDYkbzIkZzEkdDE3NzUwNjE1MTMkajE4JGwwJGgw",
    "category": 10,
    "brand": 12,
    "stock": 20,
    "is_featured": false,
    "created_at": "2026-03-30T10:21:19.333Z"
  }
},
{
  "model": "store.product",
  "pk": 51,
  "fields": {
    "title": "Diamond Chain Bracelet",
    "description": "Delicate diamond chain bracelet in 18k white gold. Effortlessly elegant.",
    "price": "449.99",
    "original_price": null,
    "discount_percentage": null,
    "image_url": "https://images.pexels.com/photos/30746010/pexels-photo-30746010.jpeg?_gl=1*nxox83*_ga*ODg2MDEwNDcyLjE3NzUwNTExMDE.*_ga_8JE65Q40S6*czE3NzUwNjAwNDYkbzIkZzEkdDE3NzUwNjA5NTYkajQkbDAkaDA.",
    "category": 11,
    "brand": 7,
    "stock": 12,
    "is_featured": true,
    "created_at": "2026-03-30T10:21:19.337Z"
  }
},
{
  "model": "store.product",
  "pk": 52,
  "fields": {
    "title": "Rose Gold Charm Bracelet",
    "description": "Beautiful rose gold charm bracelet with heart and star charms. Sweet and feminine.",
    "price": "149.99",
    "original_price": null,
    "discount_percentage": null,
    "image_url": "https://images.pexels.com/photos/14935012/pexels-photo-14935012.jpeg?_gl=1*1u00p28*_ga*ODg2MDEwNDcyLjE3NzUwNTExMDE.*_ga_8JE65Q40S6*czE3NzUwNjAwNDYkbzIkZzEkdDE3NzUwNjA3NTckajEyJGwwJGgw",
    "category": 11,
    "brand": 8,
    "stock": 18,
    "is_featured": false,
    "created_at": "2026-03-30T10:21:19.341Z"
  }
},
{
  "model": "store.product",
  "pk": 53,
  "fields": {
    "title": "Gold Link Bracelet",
    "description": "Classic chunky gold link bracelet. Bold and sophisticated statement jewellery.",
    "price": "269.99",
    "original_price": null,
    "discount_percentage": null,
    "image_url": "https://images.pexels.com/photos/12124638/pexels-photo-12124638.jpeg?_gl=1*1ax6lu6*_ga*ODg2MDEwNDcyLjE3NzUwNTExMDE.*_ga_8JE65Q40S6*czE3NzUwNjAwNDYkbzIkZzEkdDE3NzUwNjA0OTgkajQ5JGwwJGgw",
    "category": 11,
    "brand": 9,
    "stock": 14,
    "is_featured": false,
    "created_at": "2026-03-30T10:21:19.345Z"
  }
},
{
  "model": "store.product",
  "pk": 54,
  "fields": {
    "title": "Amethyst Beaded Bracelet",
    "description": "Natural amethyst gemstone beaded bracelet with gold accents. Spiritual and stunning.",
    "price": "119.99",
    "original_price": null,
    "discount_percentage": null,
    "image_url": "https://images.pexels.com/photos/10328131/pexels-photo-10328131.jpeg?_gl=1*deen0e*_ga*ODg2MDEwNDcyLjE3NzUwNTExMDE.*_ga_8JE65Q40S6*czE3NzUwNjAwNDYkbzIkZzEkdDE3NzUwNjAxNzkkajMkbDAkaDA.",
    "category": 11,
    "brand": 11,
    "stock": 20,
    "is_featured": false,
    "created_at": "2026-03-30T10:21:19.349Z"
  }
},
{
  "model": "store.product",
  "pk": 55,
  "fields": {
    "title": "Silver Tennis Bracelet",
    "description": "Classic silver tennis bracelet with cubic zirconia stones. Elegant and affordable luxury.",
    "price": "139.99",
    "original_price": null,
    "discount_percentage": null,
    "image_url": "https://images.pexels.com/photos/8891956/pexels-photo-8891956.jpeg?_gl=1*13675ay*_ga*ODg2MDEwNDcyLjE3NzUwNTExMDE.*_ga_8JE65Q40S6*czE3NzUwNTExMDEkbzEkZzEkdDE3NzUwNTM3MTgkajE0JGwwJGgw",
    "category": 11,
    "brand": 12,
    "stock": 22,
    "is_featured": true,
    "created_at": "2026-03-30T10:21:19.352Z"
  }
},
{
  "model": "store.product",
  "pk": 56,
  "fields": {
    "title": "Royal Diamond Bridal Set",
    "description": "Diamond bridal jewellery set including necklace and earings.",
    "price": "2000.00",
    "original_price": "4000.00",
    "discount_percentage": 50,
    "image_url": "https://images.pexels.com/photos/16082501/pexels-photo-16082501.jpeg?_gl=1*1vmajo1*_ga*ODg2MDEwNDcyLjE3NzUwNTExMDE.*_ga_8JE65Q40S6*czE3NzUwNTExMDEkbzEkZzEkdDE3NzUwNTMxNjYkajIzJGwwJGgw",
    "category": 12,
    "brand": 10,
    "stock": 3,
    "is_featured": true,
    "created_at": "2026-03-30T10:21:19.356Z"
  }
},
{
  "model": "store.product",
  "pk": 57,
  "fields": {
    "title": "Kundan Bridal Necklace Set",
    "description": "Traditional Kundan bridal necklace set with matching earrings. Exquisite craftsmanship.",
    "price": "3000.00",
    "original_price": "6000.00",
    "discount_percentage": 50,
    "image_url": "https://images.pexels.com/photos/28347072/pexels-photo-28347072.jpeg?_gl=1*rryn62*_ga*ODg2MDEwNDcyLjE3NzUwNTExMDE.*_ga_8JE65Q40S6*czE3NzUwNTExMDEkbzEkZzEkdDE3NzUwNTI4MjEkajMyJGwwJGgw",
    "category": 12,
    "brand": 10,
    "stock": 4,
    "is_featured": true,
    "created_at": "2026-03-30T10:21:19.360Z"
  }
},
{
  "model": "store.product",
  "pk": 58,
  "fields": {
    "title": "Rose Gold Bridal Choker Set",
    "description": "Modern rose gold bridal choker set. Perfect for the contemporary bride.",
    "price": "1499.99",
    "original_price": null,
    "discount_percentage": null,
    "image_url": "https://images.unsplash.com/photo-1758995115785-d13726ac93f0?q=80&w=1170&auto=format&fit=crop&ixlib=rb-4.1.0&ixid=M3wxMjA3fDB8MHxwaG90by1wYWdlfHx8fGVufDB8fHx8fA%3D%3D",
    "category": 12,
    "brand": 10,
    "stock": 5,
    "is_featured": false,
    "created_at": "2026-03-30T10:21:19.364Z"
  }
},
{
  "model": "store.product",
  "pk": 59,
  "fields": {
    "title": "Pearl Bridal Jewellery Set",
    "description": "Elegant freshwater pearl bridal set with gold accents. Classic and timeless beauty.",
    "price": "1500.00",
    "original_price": "3000.00",
    "discount_percentage": 50,
    "image_url": "https://images.pexels.com/photos/33154729/pexels-photo-33154729.jpeg?_gl=1*17irqhq*_ga*ODg2MDEwNDcyLjE3NzUwNTExMDE.*_ga_8JE65Q40S6*czE3NzUwNTExMDEkbzEkZzEkdDE3NzUwNTE4MzMkajQ3JGwwJGgw",
    "category": 12,
    "brand": 10,
    "stock": 7,
    "is_featured": false,
    "created_at": "2026-03-30T10:21:19.368Z"
  }
},
{
  "model": "store.product",
  "pk": 60,
  "fields": {
    "title": "Emerald Bridal Grand Set",
    "description": "Magnificent emerald and diamond grand bridal set. For the bride who wants to dazzle.",
    "price": "3499.99",
    "original_price": null,
    "discount_percentage": null,
    "image_url": "https://images.pexels.com/photos/29245549/pexels-photo-29245549.jpeg?_gl=1*hs6p9w*_ga*ODg2MDEwNDcyLjE3NzUwNTExMDE.*_ga_8JE65Q40S6*czE3NzUwNTExMDEkbzEkZzEkdDE3NzUwNTE0OTckajQyJGwwJGgw",
    "category": 12,
    "brand": 10,
    "stock": 2,
    "is_featured": true,
    "created_at": "2026-03-30T10:21:19.376Z"
  }
},
{
  "model": "store.product",
  "pk": 61,
  "fields": {
    "title": "Diamond flower stud earings",
    "description": "Elegant diamond stud earrings crafted to add timeless sparkle to your everyday look. Designed with precision and brilliance, these studs offer a perfect blend of simplicity and luxury—ideal for any occasion.",
    "price": "100.00",
    "original_price": "200.00",
    "discount_percentage": 50,
    "image_url": "https://images.unsplash.com/photo-1638734205377-f21045bf6ebe?q=80&w=870&auto=format&fit=crop&ixlib=rb-4.1.0&ixid=M3wxMjA3fDB8MHxwaG90by1wYWdlfHx8fGVufDB8fHx8fA%3D%3D",
    "category": 9,
    "brand": 7,
    "stock": 0,
    "is_featured": false,
    "created_at": "2026-03-31T14:24:45.044Z"
  }
},
{
  "model": "store.review",
  "pk": 1,
  "fields": {
    "product": 31,
    "user": 1,
    "rating": 4,
    "comment": "good",
    "image1": "",
    "image2": "",
    "image3": "",
    "video": "",
    "created_at": "2026-03-30T19:20:45.585Z"
  }
},
{
  "model": "store.review",
  "pk": 2,
  "fields": {
    "product": 31,
    "user": 2,
    "rating": 2,
    "comment": "nice",
    "image1": "",
    "image2": "",
    "image3": "",
    "video": "",
    "created_at": "2026-04-01T13:23:11.985Z"
  }
},
{
  "model": "store.review",
  "pk": 4,
  "fields": {
    "product": 58,
    "user": 2,
    "rating": 3,
    "comment": "got this one",
    "image1": "reviews/jewelry-lifestyle-flat-layout-with-place-text-jewellery-background-mockup-banner_Z0S8azj.jpg",
    "image2": "",
    "image3": "",
    "video": "",
    "created_at": "2026-04-02T13:58:48.951Z"
  }
},
{
  "model": "store.review",
  "pk": 5,
  "fields": {
    "product": 46,
    "user": 2,
    "rating": 3,
    "comment": "GOOD",
    "image1": "",
    "image2": "",
    "image3": "",
    "video": "",
    "created_at": "2026-04-02T14:29:14.041Z"
  }
},
{
  "model": "store.cart",
  "pk": 5,
  "fields": {
    "user": 1,
    "product": 33,
    "quantity": 1
  }
},
{
  "model": "store.cart",
  "pk": 20,
  "fields": {
    "user": 2,
    "product": 46,
    "quantity": 1
  }
},
{
  "model": "store.order",
  "pk": 1,
  "fields": {
    "user": 1,
    "total": "1399.96",
    "status": "processing",
    "created_at": "2026-03-31T12:50:10.800Z",
    "full_name": "Naifa Sadath.k",
    "address": "dfgre",
    "phone": "+919946563786"
  }
},
{
  "model": "store.order",
  "pk": 2,
  "fields": {
    "user": 1,
    "total": "2399.98",
    "status": "pending",
    "created_at": "2026-03-31T13:09:08.006Z",
    "full_name": "DS",
    "address": "WS",
    "phone": "DSW"
  }
},
{
  "model": "store.order",
  "pk": 3,
  "fields": {
    "user": 2,
    "total": "619.97",
    "status": "processing",
    "created_at": "2026-03-31T13:39:27.712Z",
    "full_name": "Naifa Sadath.k",
    "address": "INDIA",
    "phone": "9946563786"
  }
},
{
  "model": "store.order",
  "pk": 4,
  "fields": {
    "user": 2,
    "total": "469.97",
    "status": "pending",
    "created_at": "2026-04-02T13:56:41.828Z",
    "full_name": "Naifa Sadath.k",
    "address": "qatar",
    "phone": "9946563786"
  }
},
{
  "model": "store.order",
  "pk": 5,
  "fields": {
    "user": 2,
    "total": "3399.98",
    "status": "pending",
    "created_at": "2026-04-02T14:26:18.087Z",
    "full_name": "Naifa Sadath.k",
    "address": "delhi",
    "phone": "9956787647"
  }
},
{
  "model": "store.order",
  "pk": 6,
  "fields": {
    "user": 2,
    "total": "119.99",
    "status": "pending",
    "created_at": "2026-04-02T14:27:19.398Z",
    "full_name": "Naifa Sadath.k",
    "address": "CALICUT",
    "phone": "12345678"
  }
},
{
  "model": "store.orderitem",
  "pk": 1,
  "fields": {
    "order": 1,
    "product": 44,
    "quantity": 2,
    "price": "399.99"
  }
},
{
  "model": "store.orderitem",
  "pk": 2,
  "fields": {
    "order": 1,
    "product": 31,
    "quantity": 2,
    "price": "299.99"
  }
},
{
  "model": "store.orderitem",
  "pk": 3,
  "fields": {
    "order": 2,
    "product": 58,
    "quantity": 2,
    "price": "1499.99"
  }
},
{
  "model": "store.orderitem",
  "pk": 4,
  "fields": {
    "order": 3,
    "product": 31,
    "quantity": 1,
    "price": "299.99"
  }
},
{
  "model": "store.orderitem",
  "pk": 5,
  "fields": {
    "order": 3,
    "product": 33,
    "quantity": 2,
    "price": "159.99"
  }
},
{
  "model": "store.orderitem",
  "pk": 6,
  "fields": {
    "order": 4,
    "product": 32,
    "quantity": 1,
    "price": "189.99"
  }
},
{
  "model": "store.orderitem",
  "pk": 7,
  "fields": {
    "order": 4,
    "product": 33,
    "quantity": 1,
    "price": "159.99"
  }
},
{
  "model": "store.orderitem",
  "pk": 8,
  "fields": {
    "order": 4,
    "product": 42,
    "quantity": 1,
    "price": "119.99"
  }
},
{
  "model": "store.orderitem",
  "pk": 9,
  "fields": {
    "order": 5,
    "product": 58,
    "quantity": 1,
    "price": "1499.99"
  }
},
{
  "model": "store.orderitem",
  "pk": 10,
  "fields": {
    "order": 5,
    "product": 57,
    "quantity": 1,
    "price": "1899.99"
  }
},
{
  "model": "store.orderitem",
  "pk": 11,
  "fields": {
    "order": 6,
    "product": 42,
    "quantity": 1,
    "price": "119.99"
  }
},
{
  "model": "store.productvariant",
  "pk": 1,
  "fields": {
    "product": 39,
    "variant_type": "material",
    "value": "rose gold"
  }
},
{
  "model": "store.productvariant",
  "pk": 2,
  "fields": {
    "product": 39,
    "variant_type": "material",
    "value": "silver"
  }
},
{
  "model": "store.productvariant",
  "pk": 3,
  "fields": {
    "product": 31,
    "variant_type": "size",
    "value": "36 inch"
  }
},
{
  "model": "store.productvariant",
  "pk": 4,
  "fields": {
    "product": 61,
    "variant_type": "material",
    "value": "silver"
  }
},
{
  "model": "store.productvariant",
  "pk": 5,
  "fields": {
    "product": 61,
    "variant_type": "material",
    "value": "diamond"
  }
},
{
  "model": "store.productvariant",
  "pk": 6,
  "fields": {
    "product": 60,
    "variant_type": "material",
    "value": "diamond"
  }
},
{
  "model": "store.productvariant",
  "pk": 7,
  "fields": {
    "product": 59,
    "variant_type": "color",
    "value": "bluish green"
  }
},
{
  "model": "store.productvariant",
  "pk": 8,
  "fields": {
    "product": 59,
    "variant_type": "material",
    "value": "pearl"
  }
},
{
  "model": "store.productvariant",
  "pk": 9,
  "fields": {
    "product": 58,
    "variant_type": "material",
    "value": "rose gold"
  }
},
{
  "model": "store.productvariant",
  "pk": 10,
  "fields": {
    "product": 57,
    "variant_type": "material",
    "value": "gold"
  }
},
{
  "model": "store.productvariant",
  "pk": 11,
  "fields": {
    "product": 56,
    "variant_type": "material",
    "value": "diamond"
  }
},
{
  "model": "store.productvariant",
  "pk": 12,
  "fields": {
    "product": 55,
    "variant_type": "material",
    "value": "silver"
  }
},
{
  "model": "store.productvariant",
  "pk": 13,
  "fields": {
    "product": 55,
    "variant_type": "material",
    "value": "white gold"
  }
},
{
  "model": "store.productvariant",
  "pk": 14,
  "fields": {
    "product": 55,
    "variant_type": "size",
    "value": "6.5 inches"
  }
},
{
  "model": "store.productvariant",
  "pk": 15,
  "fields": {
    "product": 55,
    "variant_type": "size",
    "value": "5.5 inch"
  }
},
{
  "model": "store.productvariant",
  "pk": 16,
  "fields": {
    "product": 54,
    "variant_type": "color",
    "value": "violet"
  }
},
{
  "model": "store.productvariant",
  "pk": 17,
  "fields": {
    "product": 53,
    "variant_type": "material",
    "value": "gold"
  }
},
{
  "model": "store.productvariant",
  "pk": 18,
  "fields": {
    "product": 53,
    "variant_type": "size",
    "value": "5.5 inches"
  }
},
{
  "model": "store.productvariant",
  "pk": 19,
  "fields": {
    "product": 52,
    "variant_type": "material",
    "value": "Rose gold"
  }
},
{
  "model": "store.productvariant",
  "pk": 20,
  "fields": {
    "product": 51,
    "variant_type": "material",
    "value": "diamond"
  }
},
{
  "model": "store.productvariant",
  "pk": 21,
  "fields": {
    "product": 51,
    "variant_type": "size",
    "value": "6.5 inches"
  }
},
{
  "model": "store.productvariant",
  "pk": 22,
  "fields": {
    "product": 51,
    "variant_type": "size",
    "value": "7 inches"
  }
},
{
  "model": "store.productvariant",
  "pk": 23,
  "fields": {
    "product": 49,
    "variant_type": "material",
    "value": "diamond"
  }
},
{
  "model": "store.productvariant",
  "pk": 24,
  "fields": {
    "product": 48,
    "variant_type": "material",
    "value": "gold"
  }
},
{
  "model": "store.productvariant",
  "pk": 25,
  "fields": {
    "product": 47,
    "variant_type": "material",
    "value": "rose gold"
  }
},
{
  "model": "store.productvariant",
  "pk": 26,
  "fields": {
    "product": 45,
    "variant_type": "material",
    "value": "silver"
  }
},
{
  "model": "store.productvariant",
  "pk": 27,
  "fields": {
    "product": 38,
    "variant_type": "material",
    "value": "gold"
  }
},
{
  "model": "store.productvariant",
  "pk": 28,
  "fields": {
    "product": 35,
    "variant_type": "material",
    "value": "silver"
  }
},
{
  "model": "store.contactmessage",
  "pk": 1,
  "fields": {
    "name": "Naifa Sadath.k",
    "email": "naifasadath.2000@gmail.com",
    "subject": "DELAY",
    "message": "dont get the product",
    "created_at": "2026-03-31T13:43:52.525Z",
    "is_read": true
  }
},
{
  "model": "store.wishlist",
  "pk": 4,
  "fields": {
    "user": 1,
    "product": 46,
    "created_at": "2026-04-01T11:16:20.609Z"
  }
},
{
  "model": "store.wishlist",
  "pk": 9,
  "fields": {
    "user": 1,
    "product": 31,
    "created_at": "2026-04-01T11:22:18.092Z"
  }
},
{
  "model": "store.wishlist",
  "pk": 11,
  "fields": {
    "user": 1,
    "product": 33,
    "created_at": "2026-04-01T11:23:05.940Z"
  }
},
{
  "model": "store.wishlist",
  "pk": 12,
  "fields": {
    "user": 1,
    "product": 43,
    "created_at": "2026-04-01T11:28:22.292Z"
  }
},
{
  "model": "store.wishlist",
  "pk": 13,
  "fields": {
    "user": 1,
    "product": 32,
    "created_at": "2026-04-01T12:22:56.642Z"
  }
},
{
  "model": "store.wishlist",
  "pk": 14,
  "fields": {
    "user": 1,
    "product": 41,
    "created_at": "2026-04-01T12:24:38.545Z"
  }
},
{
  "model": "store.wishlist",
  "pk": 15,
  "fields": {
    "user": 2,
    "product": 31,
    "created_at": "2026-04-01T12:45:13.109Z"
  }
},
{
  "model": "store.wishlist",
  "pk": 16,
  "fields": {
    "user": 2,
    "product": 47,
    "created_at": "2026-04-02T13:45:44.327Z"
  }
},
{
  "model": "store.wishlist",
  "pk": 17,
  "fields": {
    "user": 2,
    "product": 58,
    "created_at": "2026-04-02T13:57:56.828Z"
  }
},
{
  "model": "store.wishlist",
  "pk": 18,
  "fields": {
    "user": 2,
    "product": 60,
    "created_at": "2026-04-02T15:18:03.235Z"
  }
}
]
